,Sens,FP count,DSC,HD95,VS
sub-022_ses-20101011,1.0,1,0.6922155688622755,1.640625,0.8201197604790419
