,Sens,FP count,DSC,HD95,VS
sub-022_ses-20101011,1.0,3,0.6903965599617774,1.640625,0.8232202580028667
